Workbook

Sheet Read Me
A1: CUBA B459 — Podcast Guest & Influencer Outreach Tracker
A2: Built for the 990 AM podcast launch. Work the Prospects tab; the Dashboard reads from it automatically.
A4: HOW TO USE THIS FILE
A5: 1. Fill in one row per prospect on the Prospects tab. Yellow cells are the ones you type into.
A6: 2. Columns with a drop-down (Tier, Category, Language, Owner, Status, Channel) must use the list — the Dashboard counts on exact values.
A7: 3. Grey columns (Follow-Up Due, Days Since Contact) are formulas. Do not type in them.
A8: 4. Row 6 on Prospects is a filled-in EXAMPLE showing the expected format. Delete it once you start.
A9: 5. The Dashboard updates itself. Do not edit it.
A11: THE THREE TIERS
A12: Tier 1 — Anchor
A13: Nationally known voices. 100k+ reach. Expect a booking agent or press contact, and a low reply rate. Book 2–3 per quarter; each one legitimises the show for everyone below.
A14: Tier 2 — Core
... A40: Three touches, then leave them alone. Someone who ignored three is not going to say yes to a fourth, and persistence past that costs you the relationship.

Sheet Prospects
A1: PROSPECTS — one row per person
A2: Yellow = you type here. Grey = formula, leave alone. Row 6 is an example — delete it when you start.
A4: ID | B4: Name | C4: Handle | D4: Platform | E4: Followers | F4: Tier | G4: Category | H4: Language | I4: Location | J4: Why Them (1 line) | K4: Public Contact | L4: Where Contact Came From | M4: Owner | N4: Status | O4: Date Contacted | P4: Date Replied | Q4: Days Since Contact | R4: Follow-Up Due | S4: Channel | T4: Promoted Us? | U4: Notes
A5: =IF(B5="","",ROW()-4) | Q5: =IF(O5="","",IF(P5<>"","replied",TODAY()-O5)) | R5: =IF(O5="","",IF(P5<>"","-",O5+7))
A6: =IF(B6="","",ROW()-4) | B6: EXAMPLE — delete this row | C6: @examplehandle | D6: Instagram | E6: 48000 | F6: Tier 2 - Core | G6: Journalist | H6: Bilingual | I6: Miami, FL | J6: Covers Cuban exile politics; interviewed 11J organisers in 2024. | K6: press@example.com | L6: Press page on own site | M6: Pedro | N6: Contacted | O6: 46255 | Q6: =IF(O6="","",IF(P6<>"","replied",TODAY()-O6)) | R6: =IF(O6="","",IF(P6<>"","-",O6+7)) | S6: Email | T6: Not Yet | U6: Asked for a one-pager before committing. Send EPK + episode outline.
A7: =IF(B7="","",ROW()-4) | Q7: =IF(O7="","",IF(P7<>"","replied",TODAY()-O7)) | R7: =IF(O7="","",IF(P7<>"","-",O7+7))
A8: =IF(B8="","",ROW()-4) | Q8: =IF(O8="","",IF(P8<>"","replied",TODAY()-O8)) | R8: =IF(O8="","",IF(P8<>"","-",O8+7))
A9: =IF(B9="","",ROW()-4) | Q9: =IF(O9="","",IF(P9<>"","replied",TODAY()-O9)) | R9: =IF(O9="","",IF(P9<>"","-",O9+7))
A10: =IF(B10="","",ROW()-4) | Q10: =IF(O10="","",IF(P10<>"","replied",TODAY()-O10)) | R10: =IF(O10="","",IF(P10<>"","-",O10+7))
A11: =IF(B11="","",ROW()-4) | Q11: =IF(O11="","",IF(P11<>"","replied",TODAY()-O11)) | R11: =IF(O11="","",IF(P11<>"","-",O11+7))
A12: =IF(B12="","",ROW()-4) | Q12: =IF(O12="","",IF(P12<>"","replied",TODAY()-O12)) | R12: =IF(O12="","",IF(P12<>"","-",O12+7))
A13: =IF(B13="","",ROW()-4) | Q13: =IF(O13="","",IF(P13<>"","replied",TODAY()-O13)) | R13: =IF(O13="","",IF(P13<>"","-",O13+7))
A14: =IF(B14="","",ROW()-4) | Q14: =IF(O14="","",IF(P14<>"","replied",TODAY()-O14)) | R14: =IF(O14="","",IF(P14<>"","-",O14+7))
A15: =IF(B15="","",ROW()-4) | Q15: =IF(O15="","",IF(P15<>"","replied",TODAY()-O15)) | R15: =IF(O15="","",IF(P15<>"","-",O15+7))
A16: =IF(B16="","",ROW()-4) | Q16: =IF(O16="","",IF(P16<>"","replied",TODAY()-O16)) | R16: =IF(O16="","",IF(P16<>"","-",O16+7))
A17: =IF(B17="","",ROW()-4) | Q17: =IF(O17="","",IF(P17<>"","replied",TODAY()-O17)) | R17: =IF(O17="","",IF(P17<>"","-",O17+7))
A18: =IF(B18="","",ROW()-4) | Q18: =IF(O18="","",IF(P18<>"","replied",TODAY()-O18)) | R18: =IF(O18="","",IF(P18<>"","-",O18+7))
... A124: =IF(B124="","",ROW()-4) | Q124: =IF(O124="","",IF(P124<>"","replied",TODAY()-O124)) | R124: =IF(O124="","",IF(P124<>"","-",O124+7))

Sheet Dashboard
A1: PIPELINE DASHBOARD
A2: Reads from Prospects automatically. Do not type on this sheet.
A4: PIPELINE BY STATUS
A5: Total prospects entered | B5: =COUNTIF(Prospects!$B$5:$B$124,"<>")
A6: Not Started | B6: =COUNTIF(Prospects!$N$5:$N$124,"Not Started")
A7: Researching | B7: =COUNTIF(Prospects!$N$5:$N$124,"Researching")
A8: Contacted | B8: =COUNTIF(Prospects!$N$5:$N$124,"Contacted")
A9: Replied | B9: =COUNTIF(Prospects!$N$5:$N$124,"Replied")
A10: Booked | B10: =COUNTIF(Prospects!$N$5:$N$124,"Booked")
A11: Recorded | B11: =COUNTIF(Prospects!$N$5:$N$124,"Recorded")
A12: Published | B12: =COUNTIF(Prospects!$N$5:$N$124,"Published")
A13: Declined | B13: =COUNTIF(Prospects!$N$5:$N$124,"Declined")
A14: No Response | B14: =COUNTIF(Prospects!$N$5:$N$124,"No Response")
A16: BY TIER
A17: Tier 1 - Anchor | B17: =COUNTIF(Prospects!$F$5:$F$124,"Tier 1 - Anchor")
A18: Tier 2 - Core | B18: =COUNTIF(Prospects!$F$5:$F$124,"Tier 2 - Core")
A19: Tier 3 - Community | B19: =COUNTIF(Prospects!$F$5:$F$124,"Tier 3 - Community")
A21: CONVERSION
A22: Outreach sent | B22: =(COUNTIF(Prospects!$N$5:$N$124,"Contacted")+COUNTIF(Prospects!$N$5:$N$124,"Replied")+COUNTIF(Prospects!$N$5:$N$124,"Booked")+COUNTIF(Prospects!$N$5:$N$124,"Recorded")+COUNTIF(Prospects!$N$5:$N$124,"Published")+COUNTIF(Prospects!$N$5:$N$124,"Declined")+COUNTIF(Prospects!$N$5:$N$124,"No Response"))
A23: Replies received | B23: =(COUNTIF(Prospects!$N$5:$N$124,"Replied")+COUNTIF(Prospects!$N$5:$N$124,"Booked")+COUNTIF(Prospects!$N$5:$N$124,"Recorded")+COUNTIF(Prospects!$N$5:$N$124,"Published")+COUNTIF(Prospects!$N$5:$N$124,"Declined"))
A24: Reply rate | B24: =IFERROR((COUNTIF(Prospects!$N$5:$N$124,"Replied")+COUNTIF(Prospects!$N$5:$N$124,"Booked")+COUNTIF(Prospects!$N$5:$N$124,"Recorded")+COUNTIF(Prospects!$N$5:$N$124,"Published")+COUNTIF(Prospects!$N$5:$N$124,"Declined"))/(COUNTIF(Prospects!$N$5:$N$124,"Contacted")+COUNTIF(Prospects!$N$5:$N$124,"Replied")+COUNTIF(Prospects!$N$5:$N$124,"Booked")+COUNTIF(Prospects!$N$5:$N$124,"Recorded")+COUNTIF(Prospects!$N$5:$N$124,"Published")+COUNTIF(Prospects!$N$5:$N$124,"Declined")+COUNTIF(Prospects!$N$5:$N$124,"No Response")),0)
A25: Booked or better | B25: =(COUNTIF(Prospects!$N$5:$N$124,"Booked")+COUNTIF(Prospects!$N$5:$N$124,"Recorded")+COUNTIF(Prospects!$N$5:$N$124,"Published"))
A26: Book rate (of those contacted) | B26: =IFERROR((COUNTIF(Prospects!$N$5:$N$124,"Booked")+COUNTIF(Prospects!$N$5:$N$124,"Recorded")+COUNTIF(Prospects!$N$5:$N$124,"Published"))/(COUNTIF(Prospects!$N$5:$N$124,"Contacted")+COUNTIF(Prospects!$N$5:$N$124,"Replied")+COUNTIF(Prospects!$N$5:$N$124,"Booked")+COUNTIF(Prospects!$N$5:$N$124,"Recorded")+COUNTIF(Prospects!$N$5:$N$124,"Published")+COUNTIF(Prospects!$N$5:$N$124,"Declined")+COUNTIF(Prospects!$N$5:$N$124,"No Response")),0)
A27: Episodes published | B27: =COUNTIF(Prospects!$N$5:$N$124,"Published")
A28: Guests who promoted us | B28: =COUNTIF(Prospects!$T$5:$T$124,"Yes")
A30: NEEDS ACTION NOW
A31: Follow-ups due today or overdue | B31: =COUNTIFS(Prospects!$R$5:$R$124,">0",Prospects!$R$5:$R$124,"<="&TODAY())
A32: Researched but never contacted | B32: =COUNTIF(Prospects!$N$5:$N$124,"Researching")
A33: Unassigned owner | B33: =COUNTIF(Prospects!$M$5:$M$124,"Unassigned")
